player,MP,3PAr,FTr,TS%,ORB%,DRB%,AST%,STL%,BLK%,TOV%,USG%,OBPM,DBPM,paint_rebounding_norm,3catch_and_shoot_norm,pullupshoot_norm,tm,labels
Aaron Brooks,13.8,0.427,0.133,0.507,2.3,6.3,20.7,1.4,0.9,17.2,19.2,-2.1,-2.6,2.9601,1.259388,12.38895,IND,2
Aaron Gordon,28.7,0.309,0.251,0.53,5.3,14.1,10.5,1.4,1.4,8.5,20.1,-0.2,-0.4,4.3342166,4.67236,30.175467,ORL,7
Al Horford,32.3,0.302,0.169,0.553,4.9,18.6,24.4,1.2,3.3,11.9,19.8,1.0,2.1,5.1638979,11.775288,12.334078,BOS,1
Al Jefferson,14.1,0.002,0.18,0.526,9.2,24.2,11.0,1.0,1.5,6.1,26.1,-1.5,-1.5,2.7992871,0.0,3.029103,IND,0
Al-Farouq Aminu,29.1,0.455,0.292,0.506,4.8,23.5,7.9,1.7,2.0,15.2,15.4,-2.3,1.2,5.0269086,13.954032,5.978304,POR,6
Alex Abrines,15.5,0.724,0.144,0.56,1.9,7.1,5.5,1.7,0.6,8.3,15.9,-0.3,-2.2,1.8612865,12.656835,4.09572,OKC,9
Alex Len,20.3,0.026,0.449,0.553,10.6,25.3,4.2,1.1,5.1,15.5,17.6,-3.0,1.2,3.64385,0.01624,0.825398,PHO,4
Allen Crabbe,28.5,0.467,0.192,0.602,0.9,10.2,6.1,1.2,0.7,8.1,14.9,0.3,-1.4,2.0703825,19.99161,23.08842,POR,3
Amir Johnson,20.1,0.178,0.27,0.628,8.2,17.0,13.0,1.6,3.2,15.7,13.6,-0.2,2.4,5.0304672,0.91656,1.3065,BOS,4
Andre Drummond,29.7,0.008,0.39,0.518,15.1,36.3,5.9,2.6,3.1,12.5,22.4,-2.1,2.9,5.3288928,0.001782,6.375105,DET,4
Andre Iguodala,26.3,0.427,0.246,0.624,3.0,13.1,16.7,1.8,1.5,11.2,11.2,1.3,1.7,3.8031378,7.220402,11.91916,GSW,6
Andre Roberson,30.1,0.397,0.24,0.51,4.6,14.2,4.6,1.9,2.7,9.1,10.1,-2.1,2.1,5.6638568,6.127758,0.97825,OKC,6
Andrew Harrison,20.5,0.433,0.539,0.477,1.7,9.0,20.0,1.9,1.3,16.0,16.4,-2.4,0.0,0.9209215,1.7507,12.133335,MEM,2
Andrew Wiggins,37.2,0.184,0.345,0.534,3.9,8.8,10.6,1.4,0.8,9.4,29.0,0.2,-2.9,10.5336264,3.666432,116.260416,MIN,5
Anthony Davis,36.1,0.088,0.424,0.579,6.7,27.9,11.1,1.7,5.1,9.1,32.6,1.4,2.3,4.7366088,1.509702,69.866496,NOP,12
Anthony Tolliver,22.7,0.655,0.234,0.595,4.0,14.5,7.7,1.1,1.2,12.6,13.6,0.2,-0.8,2.3337416,19.965558,1.428284,SAC,3
Aron Baynes,15.5,0.0,0.337,0.57,10.0,21.6,3.9,0.7,2.8,13.5,14.1,-2.9,1.1,3.15549,0.0,0.0,DET,0
Arron Afflalo,25.9,0.36,0.221,0.559,0.7,8.4,7.4,0.7,0.4,8.4,14.4,-1.4,-2.0,0.4111107,7.20279,25.008522,SAC,7
Austin Rivers,27.8,0.409,0.261,0.545,1.1,7.5,15.0,1.2,0.4,12.4,20.3,-0.1,-1.5,1.6760064,6.28558,35.755248,LAC,7
Avery Bradley,33.4,0.357,0.12,0.548,4.0,16.2,10.9,1.8,0.5,9.7,21.9,-0.2,-0.4,2.0045344,10.18032,69.533456,BOS,7
Ben McLemore,19.3,0.406,0.222,0.538,1.9,10.8,6.9,1.2,0.5,11.9,20.1,-2.1,-2.7,1.7681888,5.2689,14.860035,SAC,7
Bismack Biyombo,22.1,0.0,0.69,0.546,9.3,25.6,6.0,0.7,4.1,17.7,13.2,-4.2,2.0,3.0165616,0.0,0.5304,ORL,4
Blake Griffin,34.0,0.116,0.434,0.569,6.1,20.2,24.5,1.4,0.9,10.9,28.0,3.2,1.3,4.533628,1.62656,37.8896,LAC,12
Bobby Portis,15.6,0.256,0.157,0.545,8.0,24.0,5.7,0.8,0.9,8.4,19.1,-1.6,-1.5,1.645332,1.8798,6.337656,CHI,0
Bojan Bogdanovic,25.7,0.464,0.288,0.585,1.9,12.3,8.7,0.8,0.3,12.0,22.4,-0.1,-2.8,1.5886455,12.4131,26.5224,TOT,7
Boris Diaw,17.6,0.248,0.107,0.494,4.3,9.8,20.3,0.7,0.6,20.3,15.6,-2.7,-0.2,3.7140224,1.034176,4.6904,UTA,10
Bradley Beal,34.9,0.418,0.259,0.604,2.2,7.8,16.2,1.5,0.7,9.6,26.5,4.5,-2.4,5.81085,20.29086,103.62508,WAS,5
Brandon Bass,11.1,0.016,0.473,0.65,8.6,16.2,5.7,1.2,1.6,11.4,19.7,0.1,-0.8,2.0971008,0.002442,1.293039,LAC,0
Brandon Ingram,28.8,0.273,0.312,0.474,2.8,12.8,10.5,1.1,1.3,12.9,16.8,-3.1,-0.7,2.6661312,3.891168,29.199744,LAL,2
Brandon Jennings,22.2,0.471,0.284,0.479,1.8,10.1,30.4,1.9,0.2,17.5,17.6,-0.8,-2.2,0.0,1.583748,29.51268,TOT,2
Brandon Knight,21.1,0.265,0.293,0.502,2.3,9.1,17.8,1.1,0.4,13.1,25.0,-1.5,-3.0,2.4310998,1.178646,38.751838,PHO,2
Brook Lopez,29.6,0.33,0.311,0.578,5.8,13.3,14.8,0.8,4.2,12.1,29.2,1.9,-0.4,9.4128,13.755712,23.670528,BRK,1
Buddy Hield,23.0,0.493,0.099,0.54,2.0,13.5,10.3,1.0,0.4,11.2,21.4,-0.9,-1.9,1.12056,8.81084,38.7504,TOT,7
CJ McCollum,35.0,0.305,0.204,0.585,2.4,9.2,18.0,1.3,1.2,9.9,27.5,3.3,-2.2,6.84817,9.163,154.294,POR,5
CJ Miles,23.4,0.632,0.144,0.592,1.9,12.4,4.1,1.3,1.2,5.5,18.4,1.5,-2.1,3.7011078,26.933634,12.659868,IND,3
CJ Watson,16.3,0.423,0.266,0.507,1.7,8.1,16.1,2.1,0.2,14.5,14.1,-2.5,-1.1,1.63,1.040592,13.9365,ORL,2
Caris LeVert,21.7,0.484,0.245,0.556,2.0,13.9,13.7,1.9,0.5,12.3,16.6,-0.7,-0.4,0.595231,4.110414,22.443876,BRK,2
Carmelo Anthony,34.3,0.303,0.263,0.535,2.6,15.9,14.5,1.2,1.1,9.0,29.1,1.5,-2.2,3.7673748,9.479148,136.293794,NYK,5
Channing Frye,18.9,0.644,0.142,0.612,3.0,19.3,4.9,1.2,2.1,8.8,19.3,0.8,-1.5,2.05632,20.454336,5.257224,CLE,3
Chris Paul,31.5,0.385,0.331,0.614,2.5,14.9,46.8,3.1,0.3,14.0,24.4,7.8,1.0,0.8995455,1.53468,162.72711,LAC,11
Clint Capela,23.9,0.0,0.314,0.638,12.5,24.5,6.9,1.1,4.2,12.0,19.9,0.0,1.0,5.6881044,0.0,0.478,HOU,4
Cody Zeller,27.8,0.002,0.442,0.604,8.6,17.3,9.1,1.8,3.0,10.9,15.5,-0.2,2.3,7.1960856,0.0,3.136118,CHO,4
Corey Brewer,15.6,0.339,0.195,0.491,2.7,11.5,10.7,2.3,1.2,12.7,14.3,-2.9,0.2,0.576576,1.46016,2.45856,TOT,2
Cory Joseph,25.0,0.204,0.185,0.518,2.9,10.4,20.0,1.7,0.6,13.1,18.4,-0.4,-0.4,3.1746,2.093,30.9445,TOR,2
Courtney Lee,31.9,0.382,0.139,0.559,2.3,9.1,10.6,1.6,0.8,8.5,14.4,0.5,-0.7,2.7187732,12.804022,49.45776,NYK,7
Cristiano Felicio,15.8,0.0,0.419,0.601,12.8,19.5,5.7,1.2,1.2,11.2,12.4,-0.6,0.5,3.5886382,0.0,0.982128,CHI,0
D'Angelo Russell,28.7,0.443,0.217,0.518,1.8,11.9,26.8,2.3,0.7,15.6,26.6,1.1,-1.6,1.0872708,7.167251,81.211816,LAL,8
DJ Augustin,19.7,0.53,0.311,0.524,1.0,7.4,20.4,1.0,0.1,13.3,19.4,-0.9,-3.3,4.3734,4.069823,23.699888,ORL,2
Damian Lillard,35.9,0.388,0.366,0.586,1.9,13.3,28.7,1.3,0.6,10.2,31.5,6.4,-2.0,3.2384313,5.557679,148.121605,POR,5
Danilo Gallinari,33.9,0.432,0.516,0.622,2.0,14.7,9.1,0.9,0.5,8.1,19.9,2.9,-2.1,2.9842848,20.388816,39.363324,DEN,3
Danny Green,26.6,0.693,0.071,0.537,2.0,11.8,9.6,2.0,2.6,14.1,13.5,-0.3,2.7,2.1569408,23.895312,14.894138,SAS,6
Dante Cunningham,25.0,0.504,0.075,0.586,3.6,14.2,3.1,1.2,1.4,7.0,10.7,-1.3,0.8,2.363375,12.879,0.96,NOP,9
Dante Exum,18.6,0.41,0.201,0.521,2.9,9.3,14.2,0.9,0.8,16.8,18.1,-2.0,-0.5,3.3201,4.22592,1.812384,UTA,2
Dario Saric,26.3,0.368,0.237,0.508,5.8,20.8,14.3,1.3,1.1,15.2,24.6,-2.0,-0.2,4.0440984,9.701544,14.742465,PHI,7
Darren Collison,30.3,0.245,0.239,0.57,1.3,7.2,24.5,1.6,0.4,12.6,19.8,0.8,-2.3,3.249675,3.877794,63.521829,SAC,8
David Lee,18.7,0.0,0.269,0.613,11.6,21.9,13.0,1.1,2.2,14.9,16.9,0.7,2.5,4.0912608,0.0,2.38238,SAS,0
David West,12.6,0.032,0.222,0.571,6.4,18.8,24.1,2.4,4.4,22.0,17.9,-1.7,3.9,2.707173,0.014112,0.945756,GSW,4
Davis Bertans,12.1,0.739,0.145,0.609,3.2,10.6,8.3,1.3,2.8,11.4,15.7,1.2,0.5,3.239775,7.86379,2.269839,SAS,9
DeAndre Jordan,31.7,0.003,0.737,0.673,13.3,34.6,5.7,1.0,4.3,13.2,15.3,1.0,3.0,5.774472,0.0,0.0,LAC,4
DeAndre Liggins,12.5,0.324,0.282,0.476,2.9,12.2,9.2,3.0,1.5,20.8,11.6,-3.9,1.8,0.8120375,0.93925,0.9165,TOT,10
DeMar DeRozan,35.4,0.08,0.419,0.552,3.0,13.6,20.6,1.5,0.4,9.0,34.3,2.4,-1.5,6.50475,0.595782,166.157688,TOR,5
DeMarcus Cousins,34.2,0.254,0.468,0.562,7.1,29.2,25.8,2.0,3.3,13.5,36.5,3.9,2.6,3.935736,10.936134,35.302608,TOT,12
DeMarre Carroll,26.1,0.583,0.213,0.531,3.8,12.7,5.7,2.2,1.2,8.3,15.5,0.6,0.4,3.2334768,18.780255,11.373336,TOR,3
Dennis Schroder,31.5,0.242,0.21,0.533,1.9,9.0,35.5,1.5,0.6,16.3,27.8,0.7,-1.4,4.148928,2.953125,66.800475,ATL,8
Denzel Valentine,17.1,0.722,0.063,0.492,1.2,15.6,9.3,1.5,0.6,14.2,15.4,-2.4,-0.4,0.6909084,8.37216,10.941264,CHI,9
Deron Williams,25.9,0.39,0.182,0.541,0.9,9.4,35.9,1.0,0.4,17.6,22.1,0.2,-2.4,1.3080795,5.430453,50.55939,TOT,8
Derrick Favors,23.7,0.024,0.261,0.512,9.2,20.2,7.9,2.0,2.7,11.4,20.7,-2.4,2.3,4.7794368,0.034128,1.900266,UTA,0
Derrick Rose,32.5,0.061,0.259,0.53,3.4,9.3,22.8,1.1,0.7,11.9,25.7,0.2,-2.2,4.351035,0.169,75.850775,NYK,8
Derrick Williams,16.1,0.398,0.365,0.537,2.6,15.1,5.1,0.9,0.7,9.0,17.2,-2.4,-1.8,1.18335,2.84648,5.79278,TOT,9
Devin Booker,35.0,0.283,0.308,0.531,1.8,8.3,16.3,1.3,0.6,12.9,28.6,0.4,-2.7,3.215625,7.41195,115.6456,PHO,5
Devin Harris,16.7,0.519,0.378,0.549,1.1,13.0,20.0,2.1,0.6,12.5,19.7,-0.1,-0.3,1.5698,4.136757,8.728088,DAL,2
Dewayne Dedmon,17.5,0.0,0.359,0.645,11.2,30.5,4.8,1.4,3.7,16.9,12.3,-1.5,3.2,2.8476,0.0,0.175,SAS,4
Dirk Nowitzki,26.4,0.308,0.165,0.529,1.8,28.3,10.6,1.1,2.4,6.6,25.8,-1.6,0.3,2.9470056,10.017216,31.421016,DAL,7
Domantas Sabonis,20.1,0.331,0.139,0.469,3.0,16.4,7.2,1.2,1.6,14.0,15.4,-4.7,-0.1,3.513279,4.012764,1.653627,OKC,9
Dorian Finney-Smith,20.3,0.574,0.183,0.486,3.7,12.3,6.0,1.6,1.4,11.1,11.6,-2.8,1.3,3.0454872,7.481768,2.28172,DAL,9
Doug McDermott,22.8,0.416,0.169,0.554,1.4,11.5,5.9,0.4,0.3,6.6,16.4,-1.2,-2.3,2.1370896,10.112256,18.16134,TOT,7
Draymond Green,32.5,0.405,0.328,0.522,4.6,20.9,27.6,3.0,3.4,19.8,16.2,0.4,5.0,4.60551,12.933375,2.36925,GSW,6
Dwight Howard,29.7,0.003,0.692,0.627,15.0,31.7,7.8,1.4,3.6,17.5,19.2,-0.5,2.8,4.782888,0.0,0.395604,ATL,4
Dwight Powell,17.3,0.196,0.374,0.588,7.7,19.5,6.1,2.4,2.6,7.2,16.7,-0.5,1.9,1.8617568,0.92036,0.462256,DAL,0
Dwyane Wade,29.9,0.152,0.294,0.508,3.8,12.6,22.4,2.4,1.8,11.3,29.6,0.4,0.6,3.4134438,0.485576,93.183051,CHI,8
E'Twaun Moore,24.9,0.336,0.12,0.537,1.9,6.9,13.8,1.3,1.4,8.7,17.4,-0.8,-0.5,5.3784,6.13536,27.9378,NOP,7
Elfrid Payton,29.4,0.16,0.231,0.52,3.9,13.8,35.7,1.8,1.3,15.0,21.6,0.7,0.2,3.478608,1.559376,27.828864,ORL,8
Emmanuel Mudiay,25.6,0.323,0.303,0.483,2.3,11.6,21.8,1.4,0.7,16.5,22.6,-2.0,-1.8,2.147712,4.76928,20.64384,DEN,2
Enes Kanter,21.3,0.052,0.387,0.599,14.1,20.8,7.9,1.0,2.0,12.5,27.3,0.6,-1.9,5.31222,0.076041,1.472256,OKC,0
Eric Bledsoe,33.0,0.3,0.443,0.563,2.5,13.8,31.1,2.0,1.2,15.3,28.1,3.7,-0.4,4.158,3.03534,91.54398,PHO,11
Eric Gordon,31.0,0.651,0.172,0.557,1.4,8.1,12.3,1.0,1.4,10.0,22.1,1.0,-2.4,3.37125,36.456,47.3184,HOU,3
Ersan Ilyasova,26.1,0.452,0.233,0.546,5.9,18.8,11.0,1.3,0.9,10.6,22.2,0.3,-0.8,3.5402562,13.635684,18.095913,TOT,7
Evan Fournier,32.9,0.387,0.298,0.555,2.1,8.3,14.8,1.5,0.1,11.8,23.5,0.8,-2.2,6.0023089,11.947306,50.104068,ORL,7
Evan Turner,25.5,0.214,0.187,0.491,2.4,14.2,18.4,1.6,1.2,14.3,18.5,-2.5,-0.1,1.9275195,1.79265,40.4481,POR,2
Frank Kaminsky,26.1,0.441,0.195,0.502,3.2,15.8,13.5,1.2,1.5,8.0,21.8,-0.8,-0.7,3.98286,16.691994,6.9426,CHO,7
Garrett Temple,26.6,0.509,0.171,0.545,2.2,10.0,14.5,2.5,1.5,14.4,14.2,-0.3,0.6,5.76688,12.721184,17.816148,SAC,6
Gary Harris,31.3,0.4,0.21,0.611,3.0,8.0,13.6,1.9,0.3,9.8,18.4,3.1,-1.6,2.6011552,17.5593,21.545355,DEN,3
Gerald Henderson,23.2,0.313,0.298,0.529,2.2,10.0,10.5,1.2,0.7,9.0,17.9,-1.8,-1.2,5.2922448,4.79544,22.716744,PHI,7
Giannis Antetokounmpo,35.6,0.143,0.486,0.599,5.9,22.6,26.6,2.3,4.7,13.3,28.3,4.1,3.5,5.3222,1.122824,48.45516,MIL,12
Glenn Robinson,20.7,0.37,0.225,0.564,4.5,14.6,4.7,1.4,1.2,9.1,12.8,-1.2,-0.2,1.5302682,5.027616,7.29675,IND,9
Goran Dragic,33.7,0.257,0.335,0.575,2.7,9.9,29.0,1.8,0.4,14.1,27.1,3.4,-0.7,2.4133581,4.962325,88.788042,MIA,8
Gordon Hayward,34.5,0.324,0.371,0.595,2.3,15.4,18.2,1.5,0.6,9.4,27.6,4.2,0.0,1.567266,9.7911,95.50635,UTA,11
Gorgui Dieng,32.4,0.065,0.253,0.555,8.1,20.5,8.6,1.7,3.1,12.7,14.0,-0.5,2.2,4.4960832,0.309096,9.284544,MIN,0
Greg Monroe,22.5,0.006,0.329,0.572,10.8,23.1,17.3,2.6,1.8,14.4,24.3,0.5,1.5,5.50458,0.0,0.8316,MIL,4
Harrison Barnes,35.5,0.173,0.22,0.541,3.7,13.2,7.8,1.2,0.5,6.8,25.3,-0.7,-1.2,4.410165,4.3452,87.31296,DAL,7
Hassan Whiteside,32.6,0.0,0.368,0.579,12.8,35.3,3.8,1.1,5.0,12.0,22.7,-2.0,1.5,5.4908832,0.0,8.07828,MIA,4
Ian Clark,14.8,0.376,0.134,0.575,2.3,9.1,11.2,1.7,0.6,10.7,19.5,-0.6,-1.4,0.24864,2.848112,10.88022,GSW,2
Iman Shumpert,25.5,0.534,0.184,0.536,2.3,9.9,7.8,1.6,1.1,12.9,13.9,-1.3,0.0,1.630368,11.05731,27.833505,CLE,9
Isaiah Thomas,33.8,0.439,0.441,0.625,1.9,7.0,32.6,1.4,0.4,10.7,34.0,8.8,-3.3,7.7950236,9.326772,126.274096,BOS,5
Isaiah Whitehead,22.5,0.293,0.222,0.487,2.1,9.7,17.7,1.2,1.7,20.3,18.2,-4.3,-0.6,3.75921,1.4931,12.789,BRK,10
Ish Smith,24.1,0.14,0.136,0.477,1.1,12.4,32.5,1.6,1.4,12.4,20.5,-1.2,0.4,1.5092384,0.538876,41.603348,DET,2
JJ Redick,28.2,0.526,0.227,0.599,0.6,7.9,7.8,1.3,0.5,9.1,21.9,2.0,-2.0,0.8164464,20.412288,59.623824,LAC,3
JaMychal Green,27.3,0.29,0.334,0.601,8.8,21.1,6.3,1.1,1.5,14.1,14.4,-0.4,1.0,4.50177,5.17881,3.009825,MEM,0
Jabari Parker,33.9,0.219,0.268,0.563,5.4,15.7,14.3,1.5,1.1,9.2,26.5,1.5,-1.3,5.9470092,7.04781,37.574082,MIL,1
Jae Crowder,32.4,0.547,0.301,0.613,2.3,17.3,10.1,1.5,0.8,8.8,17.0,1.4,0.1,2.2356,24.691392,33.762096,BOS,3
Jahlil Okafor,22.7,0.0,0.335,0.546,7.9,15.5,9.0,0.9,3.4,14.4,24.1,-3.4,0.1,5.2100586,0.0,10.896,PHI,0
Jakob Poeltl,11.6,0.0,0.496,0.589,14.1,15.7,2.7,1.4,2.8,17.2,12.1,-1.2,0.5,3.9329568,0.0,0.0,TOR,4
Jamal Crawford,26.3,0.371,0.234,0.526,0.9,5.7,15.1,1.4,0.5,12.3,22.7,-1.0,-2.1,2.367,3.189401,78.20305,LAC,7
Jamal Murray,21.5,0.471,0.164,0.518,2.6,10.7,14.0,1.4,1.1,12.6,21.6,-0.5,-2.1,2.4811215,5.861975,28.82376,DEN,7
Jameer Nelson,27.3,0.452,0.104,0.544,1.5,8.8,26.0,1.3,0.3,17.0,15.8,0.3,-2.3,0.819,5.66202,41.86728,DEN,2
James Ennis,23.5,0.427,0.343,0.581,5.1,14.9,6.5,1.6,1.2,13.8,13.0,-1.0,1.0,3.104444,5.557985,6.46767,MEM,6
James Harden,36.4,0.493,0.575,0.613,3.5,20.9,50.7,2.0,1.0,19.5,34.2,8.7,1.5,2.0464444,4.107376,163.21032,HOU,11
James Johnson,27.4,0.333,0.28,0.564,3.5,16.6,20.9,1.8,3.2,16.5,22.0,0.5,2.2,2.9079072,6.998508,20.774406,MIA,6
Jared Dudley,21.3,0.587,0.188,0.579,2.4,15.9,12.5,1.5,0.9,16.1,13.7,-0.1,-0.1,3.4297686,13.216437,7.715925,PHO,9
Jason Smith,14.4,0.237,0.155,0.598,6.8,20.4,5.0,1.0,4.3,14.2,16.7,-2.0,0.6,2.862648,1.65816,1.248768,WAS,0
Jason Terry,18.4,0.704,0.119,0.6,1.3,7.7,9.9,1.7,1.3,12.3,9.8,-0.5,-0.6,0.52256,9.636816,5.207936,MIL,9
Jaylen Brown,17.2,0.319,0.293,0.539,3.8,14.4,7.2,1.3,1.1,12.5,18.1,-3.1,-0.9,1.849,2.572776,4.9536,BOS,2
Jeff Green,22.2,0.346,0.301,0.505,2.7,12.8,8.1,1.2,0.7,10.6,20.3,-2.8,-1.8,2.8752108,3.683424,16.70328,ORL,7
Jeff Teague,32.4,0.277,0.457,0.574,1.4,12.4,36.4,1.9,1.1,16.5,22.1,2.4,-0.6,1.6615368,2.291976,55.560168,IND,8
Jerami Grant,19.1,0.354,0.448,0.556,2.7,12.2,4.2,1.1,4.1,10.1,12.1,-3.0,0.9,2.7754974,3.465504,0.961112,TOT,0
Jeremy Lamb,18.4,0.297,0.263,0.55,2.9,22.7,11.3,1.2,1.8,6.8,23.2,-0.8,-0.8,1.1360896,1.59988,19.433344,CHO,7
Jerian Grant,16.3,0.445,0.243,0.555,1.8,9.9,17.3,2.3,0.6,11.7,16.0,0.0,-0.3,0.4242238,2.746224,13.707648,CHI,2
Jimmy Butler,37.0,0.198,0.54,0.586,4.9,13.2,24.8,2.6,0.9,9.3,26.5,5.8,1.1,4.873122,2.0313,111.06364,CHI,11
Joe Harris,21.9,0.61,0.135,0.558,1.5,12.0,7.3,1.2,0.5,12.5,16.5,-1.4,-1.5,1.5778512,14.184849,12.06252,BRK,9
Joe Ingles,24.0,0.619,0.151,0.604,1.4,13.5,17.1,2.6,0.3,18.2,13.9,0.9,1.8,0.46968,11.98848,15.948,UTA,6
Joe Johnson,23.6,0.412,0.123,0.542,2.1,12.7,12.6,1.0,0.8,9.5,18.5,-0.1,-0.1,2.3890752,8.15616,31.89186,UTA,7
Joffrey Lauvergne,14.0,0.292,0.217,0.509,8.0,20.1,10.8,1.3,0.5,13.2,18.5,-2.3,-0.9,2.14564,1.89504,0.40768,TOT,0
John Henson,19.4,0.003,0.346,0.55,9.6,20.8,7.7,1.3,6.1,13.0,16.6,-2.6,2.5,4.98192,0.0,0.3395,MIL,4
John Wall,36.4,0.19,0.367,0.541,2.3,10.6,46.9,2.7,1.4,16.2,30.6,3.8,0.2,4.7161296,1.90008,121.174144,WAS,11
Jon Leuer,25.9,0.259,0.175,0.551,5.5,17.5,8.6,0.8,1.1,8.7,17.3,-0.4,0.5,2.8248612,4.30976,12.786312,DET,7
Jonas Jerebko,15.8,0.496,0.141,0.537,5.5,19.1,8.1,1.0,1.1,12.3,11.4,-2.4,0.3,1.6160872,4.297916,1.830114,BOS,9
Jonas Valanciunas,25.8,0.003,0.309,0.601,12.4,29.1,4.4,0.9,2.6,11.7,19.5,-0.5,-0.1,5.18322,0.000258,2.338512,TOR,0
Jonathon Simmons,17.8,0.242,0.314,0.504,1.7,11.1,13.2,1.7,1.5,13.7,18.0,-2.8,0.9,2.89784,1.099328,9.919584,SAS,2
Jordan Clarkson,29.2,0.332,0.157,0.526,2.2,9.3,14.4,1.8,0.3,12.5,23.3,-0.5,-2.3,3.89893,4.488624,58.971736,LAL,7
Josh Richardson,30.5,0.442,0.15,0.493,2.4,9.2,12.7,1.9,1.9,10.6,16.8,-1.0,1.1,5.0771215,14.678125,37.10996,MIA,6
Jrue Holiday,32.7,0.314,0.188,0.532,2.2,10.6,35.9,2.2,1.6,16.7,23.5,1.2,0.5,4.3011945,1.047708,92.892852,NOP,8
Juan Hernangomez,13.6,0.504,0.339,0.592,5.7,18.7,4.7,1.7,1.1,10.7,14.6,-0.1,-1.2,1.7408,4.692,0.219912,DEN,9
Julius Randle,28.8,0.082,0.365,0.543,7.5,25.8,19.3,1.1,1.4,16.2,21.4,-0.7,0.7,4.0699296,0.44352,13.06656,LAL,0
Justin Anderson,16.4,0.442,0.294,0.537,6.2,16.9,8.8,1.7,1.6,11.7,20.9,-1.2,-0.3,1.5725468,3.82694,4.414552,TOT,9
Justin Hamilton,18.4,0.478,0.137,0.55,6.5,17.0,7.3,1.2,2.8,9.7,16.2,-0.9,0.2,3.5669504,7.565712,1.445136,BRK,9
Justin Holiday,20.0,0.507,0.149,0.549,1.8,13.1,9.2,2.0,1.5,10.3,16.9,-0.3,-0.8,2.1645,9.6036,12.905,NYK,9
Jusuf Nurkic,21.4,0.002,0.393,0.528,12.3,24.8,13.9,1.8,4.2,18.6,23.9,-2.3,2.2,4.7291432,0.0,0.993174,TOT,4
Karl-Anthony Towns,37.0,0.186,0.289,0.618,11.2,27.8,13.2,1.0,2.9,11.3,27.5,4.8,0.3,6.753092,7.0818,16.63446,MIN,12
Kawhi Leonard,33.4,0.294,0.407,0.611,3.7,15.7,18.9,2.7,1.8,9.1,31.1,6.4,1.5,5.2738266,8.23644,122.16718,SAS,11
Kelly Olynyk,20.5,0.378,0.242,0.603,5.3,20.7,15.2,1.4,1.5,14.6,19.0,0.1,0.5,1.650168,6.010395,6.119865,BOS,0
Kelly Oubre,20.3,0.425,0.224,0.516,4.3,13.9,4.0,1.8,0.9,9.2,14.5,-1.8,-0.5,2.1484505,4.643625,6.294624,WAS,9
Kemba Walker,34.7,0.415,0.248,0.569,1.8,10.6,29.1,1.6,0.7,9.5,29.2,5.3,-1.7,2.6914014,7.014952,144.00153,CHO,5
Kenneth Faried,21.2,0.014,0.454,0.588,15.7,23.6,6.3,1.6,2.4,10.4,18.3,0.9,-0.1,4.76364,0.0,1.431,DEN,4
Kent Bazemore,26.9,0.369,0.233,0.504,2.6,10.3,14.2,2.3,2.3,13.6,20.5,-2.0,1.2,2.027184,6.976515,36.308544,ATL,6
Kentavious Caldwell-Pope,33.3,0.471,0.199,0.519,2.3,8.7,11.2,1.8,0.4,7.9,19.2,0.9,0.0,3.8191104,13.722264,72.08784,DET,7
Kevin Durant,33.4,0.304,0.374,0.651,2.2,23.6,23.1,1.5,3.8,10.4,27.8,5.4,2.6,2.7978178,10.212384,72.144,GSW,12
Kevin Love,31.4,0.449,0.34,0.573,8.9,29.3,9.8,1.4,0.9,10.9,26.4,1.7,-0.9,3.4510484,29.2491,15.43938,CLE,3
Klay Thompson,34.0,0.47,0.158,0.592,2.2,9.2,9.3,1.2,1.2,8.0,26.1,2.4,-2.1,3.492072,43.20652,58.8387,GSW,3
Kosta Koufos,20.0,0.003,0.158,0.56,9.7,22.9,5.3,1.3,3.1,12.7,15.3,-2.6,0.7,2.75808,0.0,1.386,SAC,0
Kris Dunn,17.1,0.233,0.188,0.432,2.1,12.6,19.4,3.0,2.3,20.8,14.2,-3.7,1.5,2.0986488,0.491283,10.222038,MIN,10
Kris Humphries,12.3,0.252,0.383,0.514,9.7,23.0,6.4,1.1,2.6,10.1,17.6,-3.0,0.3,1.7056656,0.936768,1.077111,ATL,0
Kristaps Porzingis,32.8,0.319,0.256,0.546,5.5,18.2,7.3,1.1,4.9,9.7,24.3,0.2,0.0,6.7568,15.472744,45.538864,NYK,1
Kyle Anderson,14.2,0.191,0.273,0.525,3.7,19.0,12.4,2.5,2.1,14.3,12.1,-2.1,3.7,1.4676552,0.52256,1.5975,SAS,6
Kyle Korver,26.2,0.697,0.082,0.635,0.5,11.0,9.4,1.0,1.0,11.5,15.2,0.8,-1.0,3.1574144,28.06413,28.6235,TOT,3
Kyle Lowry,37.4,0.51,0.398,0.623,2.4,12.1,29.9,2.0,0.7,13.8,24.9,7.1,-0.4,3.825646,10.36728,137.769632,TOR,11
Kyle O'Quinn,15.6,0.041,0.201,0.552,13.7,24.8,14.8,1.5,6.9,14.5,18.5,-0.1,3.7,3.231228,0.012636,1.365,NYK,4
Kyrie Irving,35.1,0.311,0.231,0.58,2.3,7.5,29.7,1.6,0.8,10.3,30.8,4.8,-2.3,7.0902,4.558437,155.745018,CLE,5
LaMarcus Aldridge,32.4,0.053,0.258,0.532,8.6,16.6,9.9,1.0,3.1,7.7,24.5,-0.3,1.4,6.9698232,0.46656,34.949232,SAS,1
Langston Galloway,20.2,0.565,0.117,0.51,1.9,9.3,9.4,1.5,0.3,7.4,18.4,-0.9,-1.7,1.0628028,14.10465,15.655808,TOT,9
Larry Nance,22.9,0.1,0.222,0.567,8.8,19.6,9.7,2.8,2.3,12.4,13.4,-0.3,2.3,3.5317296,0.344416,1.43125,LAL,6
Lavoy Allen,14.3,0.006,0.196,0.485,13.7,14.6,9.1,1.0,2.4,13.7,10.9,-1.5,1.3,4.04976,0.0,0.47619,IND,0
LeBron James,37.8,0.254,0.395,0.619,4.0,20.7,41.3,1.6,1.3,16.1,30.0,6.8,1.6,3.5385336,2.16216,95.390946,CLE,11
Leandro Barbosa,14.4,0.25,0.115,0.509,1.6,10.3,13.0,1.5,0.7,10.4,20.0,-2.0,-2.1,0.4406688,1.03968,11.7504,PHO,2
Lou Williams,24.6,0.447,0.458,0.593,1.4,9.9,19.9,1.9,0.8,11.8,29.1,3.7,-3.0,2.0677776,4.454814,57.83706,TOT,8
Luc Mbah a Moute,22.3,0.291,0.23,0.581,3.0,7.7,3.1,2.3,1.6,10.1,11.6,-0.8,1.5,4.1956335,2.917509,4.84579,LAC,6
Lucas Nogueira,19.1,0.077,0.429,0.682,8.5,16.7,5.4,2.4,7.2,19.9,9.5,-0.1,5.6,3.9785682,0.06303,0.0,TOR,4
Luke Babbitt,15.7,0.747,0.053,0.563,1.3,13.5,4.8,1.0,0.8,8.0,13.0,-1.0,-0.8,1.1071012,13.040734,5.338,MIA,9
Luol Deng,26.5,0.389,0.149,0.47,4.5,17.7,7.0,1.6,1.1,8.7,14.2,-2.3,-0.2,4.053016,5.822845,16.11253,LAL,9
Malcolm Brogdon,26.4,0.304,0.198,0.555,2.8,9.6,24.3,2.2,0.5,14.1,18.5,0.6,-1.1,4.5626328,4.832784,24.175536,MIL,8
Malcolm Delaney,17.1,0.284,0.24,0.456,1.0,9.8,23.1,1.5,0.1,18.1,18.3,-4.6,-1.2,1.593207,0.906984,21.8025,ATL,10
Manu Ginobili,18.7,0.517,0.244,0.532,2.5,11.1,20.8,3.2,1.0,16.5,20.4,0.5,1.4,1.2247378,6.486843,13.634544,SAS,6
Marc Gasol,34.2,0.231,0.286,0.554,2.6,18.7,24.8,1.4,3.7,11.3,26.4,2.1,2.2,5.6446416,9.898848,33.76737,MEM,12
Marcin Gortat,31.2,0.003,0.236,0.593,10.6,26.8,6.8,0.8,2.1,13.7,14.7,-0.9,1.2,4.964544,0.0,4.185792,WAS,0
Marco Belinelli,24.0,0.46,0.273,0.566,0.9,10.2,13.1,1.2,0.4,9.2,19.2,0.1,-2.0,0.666,6.88896,31.00032,CHO,7
Marcus Morris,32.5,0.355,0.184,0.508,3.2,12.8,9.4,1.0,0.8,7.4,20.3,-0.3,-0.2,5.2992225,11.31975,76.13775,DET,7
Marcus Smart,30.4,0.443,0.334,0.486,3.7,10.5,22.0,2.6,1.2,15.6,18.8,-1.1,0.9,6.9849472,9.790016,24.40208,BOS,6
Mario Hezonja,14.8,0.436,0.152,0.45,2.2,14.7,9.6,1.5,1.2,14.1,18.8,-4.8,-1.0,1.4518504,3.003216,6.1605,ORL,10
Markieff Morris,31.2,0.22,0.242,0.54,5.1,18.2,7.8,1.7,1.5,11.6,20.5,-1.3,0.2,4.92414,5.655936,25.4592,WAS,6
Marquese Chriss,21.3,0.354,0.286,0.529,5.8,16.1,5.2,1.8,3.2,13.2,19.7,-1.6,0.0,2.8736256,6.065388,1.216017,PHO,0
Marreese Speights,15.7,0.505,0.25,0.584,7.9,24.1,8.1,0.9,2.6,10.2,23.6,1.5,-0.8,2.9949634,9.232542,3.755754,LAC,0
Marvin Williams,30.2,0.503,0.213,0.551,4.2,19.7,7.1,1.3,2.0,7.2,16.3,-0.3,0.5,2.28312,23.189976,8.388956,CHO,3
Mason Plumlee,26.5,0.01,0.482,0.558,8.8,22.5,19.8,1.6,3.4,15.2,18.1,0.0,2.6,4.573476,0.0,6.24658,TOT,4
Matt Barnes,24.0,0.556,0.188,0.514,4.6,19.9,15.6,1.3,1.3,17.3,15.6,-1.2,0.6,2.130912,11.41704,5.8128,TOT,9
Matthew Dellavedova,26.1,0.403,0.18,0.501,1.4,7.1,25.7,1.4,0.0,18.8,16.3,-1.9,-2.8,6.0291,6.066684,24.923673,MIL,10
Maurice Harkless,28.9,0.311,0.199,0.57,6.2,10.8,6.0,1.9,2.5,11.1,15.1,0.0,0.8,9.344526,7.50244,2.975544,POR,1
Meyers Leonard,16.5,0.563,0.106,0.507,2.4,19.0,8.4,0.5,1.8,8.1,15.5,-2.1,-1.3,1.824372,7.269075,4.46886,POR,9
Michael Beasley,16.7,0.106,0.259,0.584,5.0,18.9,9.9,1.5,2.5,12.7,25.3,-1.7,-1.1,2.810109,0.47595,12.69033,MIL,0
Michael Kidd-Gilchrist,29.0,0.015,0.314,0.528,7.3,19.3,7.4,1.7,2.9,7.4,14.6,-2.0,2.2,4.067714,0.00319,25.42952,CHO,0
Mike Conley,33.2,0.415,0.365,0.604,1.5,10.8,34.5,2.1,0.8,11.8,26.3,6.5,-0.7,2.0252,5.662592,119.158784,MEM,11
Mike Dunleavy,15.9,0.609,0.205,0.573,2.4,12.4,8.6,0.9,0.7,10.5,14.0,-1.0,-1.2,1.500642,7.273614,4.803708,TOT,9
Mike Muscala,17.7,0.326,0.19,0.596,6.9,14.4,11.9,1.2,2.8,13.1,14.8,-0.4,1.5,3.7958535,3.62496,1.163598,ATL,0
Mindaugas Kuzminskas,14.9,0.455,0.184,0.533,5.0,8.4,10.3,1.4,0.9,11.3,19.2,-0.2,-2.5,5.010125,3.825426,3.095624,NYK,9
Mirza Teletovic,16.2,0.73,0.108,0.515,1.1,15.4,6.4,0.5,1.0,7.8,19.1,-1.5,-3.4,1.171665,14.519088,6.456996,MIL,9
Monta Ellis,27.0,0.242,0.23,0.514,1.1,10.3,17.2,2.0,1.2,18.0,16.8,-2.5,0.2,1.714284,2.71215,25.33545,IND,10
Montrezl Harrell,18.3,0.02,0.351,0.662,8.3,14.2,9.6,0.9,3.2,9.9,17.6,0.8,0.2,5.0977944,0.0,1.71105,HOU,0
Myles Turner,31.4,0.132,0.349,0.585,6.2,19.5,6.6,1.5,6.0,9.5,19.5,-0.3,2.7,6.7808928,1.75212,8.661376,IND,1
Nemanja Bjelica,18.3,0.497,0.171,0.526,5.5,18.6,9.6,1.7,1.4,13.4,16.4,-0.7,-0.4,3.8845593,6.42696,2.22528,MIN,9
Nene,17.9,0.023,0.496,0.63,8.6,16.9,8.6,2.2,2.7,13.1,19.7,-0.4,0.9,3.5279289,0.009666,2.55075,HOU,4
Nerlens Noel,20.5,0.003,0.359,0.622,9.8,22.3,8.1,3.1,4.1,12.5,17.6,-0.5,3.8,3.866628,0.0,1.183875,TOT,4
Nick Young,25.9,0.665,0.142,0.588,1.7,8.2,5.8,1.2,0.7,5.1,19.5,2.6,-3.4,4.428123,24.74745,52.00979,LAL,3
Nicolas Batum,34.0,0.415,0.291,0.529,1.9,18.4,27.6,1.6,1.0,15.0,22.3,0.6,0.6,1.983526,14.3344,73.22444,CHO,8
Nik Stauskas,27.4,0.566,0.237,0.54,1.1,10.3,12.9,1.0,1.2,15.5,16.4,-1.7,-0.7,1.7974674,11.09152,28.9344,PHI,7
Nikola Jokic,27.9,0.163,0.267,0.64,11.6,27.2,28.8,1.5,2.1,15.2,23.5,6.2,2.2,4.2630084,1.892736,4.994379,DEN,12
Nikola Mirotic,24.0,0.603,0.205,0.546,3.9,20.9,6.9,1.6,2.7,10.4,19.8,0.0,0.5,2.689944,20.544,14.42784,CHI,3
Nikola Vucevic,28.8,0.073,0.155,0.498,8.6,31.2,16.9,1.8,2.8,9.6,24.8,-1.3,2.4,4.1377248,0.592992,15.198624,ORL,0
Noah Vonleh,17.1,0.074,0.348,0.525,11.4,22.5,3.4,1.2,1.7,17.1,13.1,-3.5,-0.3,3.9672,0.080712,0.798912,POR,0
Norman Powell,18.0,0.342,0.314,0.552,2.2,11.7,9.3,1.9,0.9,10.8,21.1,-0.4,-1.2,1.314108,3.393,7.89192,TOR,2
Otto Porter,32.6,0.425,0.148,0.628,5.1,17.1,6.7,2.2,1.3,4.8,15.1,3.0,0.9,3.55014,23.327256,26.28864,WAS,3
PJ Tucker,27.6,0.407,0.193,0.516,5.6,17.8,6.0,2.5,0.7,11.2,11.2,-0.7,1.6,3.6432,8.441736,6.835416,TOT,6
Pascal Siakam,15.6,0.034,0.156,0.523,8.4,15.9,2.9,1.5,4.5,13.1,13.1,-3.0,1.8,2.5974,0.01092,1.142856,TOR,0
Patrick Beverley,30.7,0.53,0.175,0.546,5.0,15.9,18.8,2.3,1.0,14.6,14.1,0.8,1.5,2.9851452,14.694248,20.896876,HOU,6
Patrick McCaw,15.1,0.502,0.151,0.54,2.4,7.6,9.0,1.4,1.1,12.1,11.9,-1.6,-0.1,3.2756581,3.029664,3.114828,GSW,9
Patrick Patterson,24.6,0.659,0.156,0.542,4.4,16.2,6.6,1.3,1.2,8.5,12.5,0.5,0.4,3.9812148,21.624876,3.17832,TOR,3
Patty Mills,21.9,0.572,0.129,0.577,1.6,7.4,24.3,1.9,0.1,13.3,19.5,2.5,-1.2,1.6863,9.374076,36.609354,SAS,7
Pau Gasol,25.4,0.172,0.305,0.578,7.6,26.8,14.7,0.8,3.5,10.6,21.3,0.9,2.8,3.2624522,3.888232,6.044692,SAS,0
Paul George,35.9,0.368,0.277,0.586,2.5,17.9,16.1,2.2,0.9,12.6,28.9,3.1,-0.3,1.6895976,19.67679,121.242198,IND,11
Paul Millsap,34.0,0.248,0.417,0.542,5.3,19.5,17.9,1.9,2.3,12.1,24.4,0.5,2.1,4.631004,7.35454,42.3878,ATL,12
Rajon Rondo,26.7,0.237,0.089,0.461,4.2,16.6,37.0,2.7,0.5,22.4,17.8,-1.3,1.6,0.6459264,3.112152,16.461885,CHI,10
Ramon Sessions,16.2,0.236,0.449,0.495,1.5,8.5,24.2,1.6,0.3,12.7,20.1,-2.4,-2.3,0.81,0.8505,9.40896,CHO,2
Randy Foye,18.6,0.625,0.194,0.506,0.8,11.9,15.2,1.3,0.5,18.5,14.4,-3.0,-1.0,0.558372,5.159268,9.988944,BRK,10
Raymond Felton,21.3,0.28,0.125,0.496,2.2,11.8,16.3,2.0,1.1,13.3,16.5,-1.8,0.9,3.034185,1.327416,21.294462,LAC,2
Reggie Jackson,27.4,0.272,0.201,0.51,1.6,7.3,30.3,1.2,0.3,13.4,26.4,0.6,-2.1,1.5207,1.76456,78.762122,DET,8
Richard Jefferson,20.4,0.542,0.315,0.574,2.0,11.5,6.6,0.8,0.5,11.8,12.2,-1.3,-1.0,2.0630928,7.3134,2.329884,CLE,9
Richaun Holmes,20.9,0.187,0.25,0.611,8.7,20.1,8.3,1.7,3.7,10.7,18.6,0.2,1.5,4.5511004,1.797609,0.364287,PHI,0
Ricky Rubio,32.9,0.302,0.438,0.539,3.2,11.4,38.9,2.6,0.3,20.1,17.4,1.7,-1.0,4.3055901,6.04044,52.908464,MIN,8
Robert Covington,31.6,0.563,0.238,0.534,4.8,17.9,7.5,2.9,2.6,13.9,19.2,-0.7,2.0,4.5984636,29.93152,13.18826,PHI,6
Robin Lopez,28.0,0.003,0.134,0.511,11.4,13.2,5.6,0.4,4.1,9.9,17.5,-1.9,1.0,10.805312,0.0,5.50228,CHI,1
Rodney Hood,27.0,0.461,0.173,0.522,1.2,13.1,10.1,1.3,0.6,8.3,22.9,-0.3,-0.9,2.0574,11.03382,51.44364,UTA,7
Rodney McGruder,25.2,0.478,0.154,0.506,5.3,9.2,8.8,1.2,0.7,10.2,12.3,-0.8,0.5,4.7903184,9.8658,5.003712,MIA,9
Ron Baker,16.5,0.396,0.198,0.456,1.5,10.8,17.3,2.0,0.8,19.2,14.8,-3.5,-0.9,2.262051,1.65528,6.666,NYK,10
Rondae Hollis-Jefferson,22.6,0.124,0.467,0.517,5.8,21.1,13.4,2.2,1.9,15.1,18.7,-2.9,1.9,2.7419676,0.372448,8.518392,BRK,0
Rudy Gobert,33.9,0.002,0.763,0.682,13.6,29.5,5.7,0.9,6.4,15.1,16.7,1.4,4.5,5.2943664,0.0,0.0,UTA,4
Russell Westbrook,34.6,0.3,0.433,0.554,5.4,28.8,57.3,2.3,0.9,15.9,41.7,10.9,4.7,2.1633304,1.73173,188.10636,OKC,11
Ryan Anderson,29.4,0.655,0.194,0.583,5.8,11.2,4.7,0.7,0.5,6.2,17.9,1.8,-2.6,8.0663016,38.007144,30.841188,HOU,3
Salah Mejri,12.4,0.022,0.445,0.65,11.9,28.4,2.4,1.8,6.1,19.6,10.6,-3.6,3.8,2.5071684,0.002728,0.330832,DAL,4
Sam Dekker,18.4,0.436,0.159,0.549,7.2,14.6,7.7,1.3,1.2,8.2,14.9,-0.4,-0.6,2.890088,4.97168,3.137568,HOU,9
Sean Kilpatrick,25.1,0.419,0.329,0.546,1.3,15.4,14.6,1.2,0.3,13.9,23.9,-1.2,-1.8,0.6776749,7.445664,31.697033,BRK,7
Semaj Christon,15.2,0.283,0.139,0.387,2.2,7.9,18.1,1.4,0.5,15.4,12.2,-5.0,-1.3,2.1736,0.515584,5.928,OKC,10
Serge Ibaka,30.7,0.323,0.127,0.566,5.7,19.0,5.2,0.8,4.2,9.2,20.9,-0.5,0.1,4.5437535,14.63776,20.258009,TOT,1
Sergio Rodriguez,22.3,0.47,0.05,0.484,1.5,9.9,35.4,1.5,0.2,18.9,19.3,-1.6,-2.4,3.1889,2.210376,43.455118,PHI,10
Seth Curry,29.0,0.458,0.142,0.601,1.4,9.2,15.9,2.0,0.3,11.0,19.5,1.8,-0.4,0.725,11.0925,63.75186,DAL,7
Shabazz Muhammad,19.4,0.244,0.318,0.566,6.4,10.6,3.7,0.7,0.3,7.6,21.5,-0.2,-4.3,5.487387,2.610464,7.07906,MIN,7
Shaun Livingston,17.7,0.009,0.19,0.568,2.4,9.4,13.5,1.4,1.2,15.1,12.9,-2.5,0.5,2.78952,0.001062,18.60093,GSW,2
Shelvin Mack,21.9,0.315,0.202,0.518,2.0,10.1,20.4,1.8,0.2,17.8,19.6,-1.7,-0.1,0.8605386,1.423062,24.340536,UTA,2
Solomon Hill,29.7,0.566,0.268,0.528,2.3,11.4,8.1,1.5,1.1,13.3,11.5,-1.8,1.5,3.7854135,16.4835,5.595777,NOP,6
Spencer Dinwiddie,22.6,0.334,0.526,0.581,2.2,10.7,20.3,1.6,1.3,15.1,14.1,-0.7,-0.2,0.7597216,0.931798,21.45192,BRK,2
Spencer Hawes,14.8,0.292,0.188,0.562,5.3,21.5,16.5,0.9,3.3,14.0,19.8,-1.2,0.8,2.0742792,1.764752,3.27376,TOT,0
Stanley Johnson,17.8,0.422,0.145,0.436,2.8,12.7,10.5,2.1,1.5,15.5,14.8,-3.8,1.8,1.8247136,3.140988,10.740876,DET,10
Stephen Curry,33.4,0.547,0.251,0.624,2.7,11.4,31.1,2.6,0.5,13.0,30.1,7.7,-0.4,4.2581994,17.688974,133.344156,GSW,11
Steven Adams,29.9,0.002,0.392,0.589,13.0,15.5,5.4,1.8,2.6,16.0,16.2,-0.7,1.2,9.8369206,0.0,0.368368,OKC,4
TJ McConnell,26.3,0.107,0.176,0.504,2.0,11.0,37.5,3.1,0.4,22.4,14.4,-2.0,0.1,2.56688,0.18936,20.816976,PHI,10
TJ Warren,31.0,0.12,0.189,0.539,6.5,11.7,5.8,1.8,1.5,6.1,19.2,0.2,-0.5,9.2225,1.08562,46.77962,PHO,1
Taj Gibson,25.5,0.018,0.223,0.543,8.6,18.0,5.9,1.1,2.6,11.9,19.3,-2.4,0.3,5.899068,0.01836,2.311575,TOT,0
Tarik Black,16.3,0.007,0.371,0.56,13.8,20.7,5.3,1.3,3.3,14.5,15.7,-1.8,0.2,4.3053516,0.0,0.61125,LAL,0
Taurean Prince,16.6,0.358,0.33,0.513,2.8,14.6,8.4,2.2,2.4,15.7,17.2,-3.8,1.5,1.8052002,2.407664,4.477518,ATL,6
Terrence Jones,23.5,0.153,0.346,0.516,5.4,20.2,7.3,1.5,3.5,7.8,21.4,-2.7,1.3,3.782372,0.8742,4.32635,TOT,0
Terrence Ross,25.1,0.524,0.103,0.55,1.0,10.9,7.1,2.3,1.4,8.0,19.3,0.4,-0.6,2.5780712,14.399368,40.734288,TOT,7
Terry Rozier,17.1,0.436,0.161,0.466,3.6,16.3,15.2,1.8,0.7,9.7,17.1,-2.5,0.0,1.7660025,2.966166,10.714176,BOS,9
Thabo Sefolosha,25.7,0.304,0.19,0.519,3.8,14.7,9.9,3.0,1.7,11.9,13.3,-1.9,3.1,2.368512,4.20966,8.3011,ATL,6
Thaddeus Young,30.2,0.172,0.125,0.562,6.7,15.8,8.4,2.6,1.2,11.7,16.5,0.0,1.5,5.8720276,2.957788,5.83464,IND,6
Tim Frazier,23.5,0.317,0.319,0.504,2.3,9.7,31.4,1.8,0.3,18.0,16.3,-1.5,-0.7,2.507544,1.143745,21.687445,NOP,10
Tim Hardaway,27.3,0.457,0.235,0.568,1.8,9.5,14.3,1.3,0.6,9.5,22.5,1.3,-1.5,3.7360323,13.195182,37.442223,ATL,7
Timofey Mozgov,20.4,0.003,0.238,0.553,9.9,16.4,5.9,0.7,2.3,16.6,16.8,-2.8,-0.8,4.9252128,0.0,0.765,LAL,0
Timothe Luwawu-Cabarrot,17.2,0.446,0.341,0.536,2.3,11.5,9.6,1.3,0.7,15.0,17.8,-2.8,-1.2,1.76816,4.725184,1.618176,PHI,2
Tobias Harris,31.3,0.295,0.213,0.568,2.6,15.6,8.8,1.2,1.3,7.6,21.7,1.1,0.1,3.6471386,11.265183,46.731213,DET,7
Tomas Satoransky,12.6,0.253,0.226,0.48,3.9,9.1,16.7,1.8,0.7,19.1,12.1,-2.9,-0.2,1.494108,0.342216,2.66868,WAS,10
Tony Allen,27.0,0.091,0.218,0.493,9.6,13.8,8.4,3.1,1.4,13.3,17.9,-1.8,2.4,7.021161,0.48762,0.7695,MEM,6
Tony Parker,25.2,0.121,0.206,0.514,0.7,7.3,27.8,1.1,0.1,12.5,20.2,-1.2,-1.7,0.6018012,0.925344,35.820792,SAS,2
Tony Snell,29.2,0.656,0.107,0.603,1.1,11.1,5.9,1.2,0.5,8.8,12.1,0.2,-1.1,1.6434636,31.348536,9.701992,MIL,3
Trevor Ariza,34.7,0.695,0.158,0.548,2.1,15.9,8.8,2.5,0.6,8.0,14.1,0.7,1.0,2.3090074,38.81889,22.290933,HOU,3
Trevor Booker,24.7,0.132,0.186,0.554,8.7,25.5,12.9,2.1,1.2,16.6,18.7,-1.6,1.8,2.7222611,0.399399,10.198136,BRK,0
Trey Burke,12.3,0.275,0.114,0.532,1.1,6.4,20.7,0.8,0.6,15.2,19.6,-2.3,-3.4,0.439725,0.796425,14.33688,WAS,2
Trey Lyles,16.3,0.465,0.18,0.464,4.9,18.1,9.6,1.2,1.4,11.9,21.7,-2.9,-0.1,1.1873898,5.873542,5.511519,UTA,9
Tristan Thompson,29.9,0.007,0.487,0.594,14.0,19.6,4.6,0.8,2.9,10.8,11.3,0.0,1.5,7.197528,0.0,1.495,CLE,4
Troy Daniels,17.7,0.717,0.109,0.531,2.0,7.9,6.6,0.9,0.3,8.0,21.7,0.3,-3.4,2.73465,15.182706,18.832446,MEM,7
Ty Lawson,25.1,0.226,0.416,0.551,3.0,8.9,30.0,2.2,0.3,17.3,19.5,0.2,-1.5,4.6184,1.172672,33.815975,SAC,8
Tyler Ennis,11.1,0.337,0.12,0.521,1.8,6.8,21.7,2.1,0.3,17.0,19.1,-2.1,-2.7,0.924075,0.237762,7.95093,TOT,2
Tyler Johnson,29.8,0.303,0.308,0.535,2.5,12.5,16.6,1.9,1.6,8.8,20.9,0.7,0.7,3.007416,10.024124,26.11076,MIA,7
Tyler Ulis,18.4,0.181,0.162,0.474,1.9,7.5,30.5,2.0,0.4,14.1,20.3,-1.4,-2.5,0.736,0.2622,39.91328,PHO,2
Tyler Zeller,10.3,0.006,0.247,0.508,9.2,17.0,12.2,0.7,3.3,10.2,16.5,-3.2,0.8,3.0247186,0.0,0.618,BOS,0
Tyus Jones,12.9,0.403,0.238,0.523,1.5,8.7,28.0,3.1,0.6,16.0,13.6,-0.4,-1.5,0.461175,1.322895,4.72527,MIN,2
Victor Oladipo,33.2,0.378,0.165,0.534,1.9,12.6,12.5,1.7,0.8,10.6,21.4,-0.4,-0.9,1.9927968,17.208888,60.252024,OKC,7
Vince Carter,24.6,0.604,0.235,0.542,2.2,12.5,11.5,1.7,1.9,8.5,14.9,0.1,0.9,3.5229168,15.168852,13.30491,MEM,9
Wayne Ellington,24.2,0.71,0.077,0.565,1.3,8.6,7.1,1.2,0.2,5.0,17.9,1.8,-1.9,0.86636,25.070716,29.08235,MIA,3
Wesley Johnson,11.9,0.59,0.085,0.448,3.7,20.8,3.9,1.8,3.0,8.0,12.5,-3.4,1.6,0.7449876,2.746877,2.384879,LAC,9
Wesley Matthews,34.2,0.566,0.211,0.533,0.8,11.8,13.6,1.6,0.6,9.9,19.4,0.2,-0.1,0.9856098,26.017992,59.608548,DAL,3
Will Barton,28.4,0.353,0.285,0.547,3.8,12.8,17.7,1.4,1.3,11.5,21.1,1.3,-1.0,1.644786,5.773152,38.0205,DEN,7
Willie Cauley-Stein,18.9,0.004,0.314,0.558,7.0,20.5,9.4,1.9,2.9,11.2,19.6,-2.0,0.9,3.7339974,0.0,4.512186,SAC,0
Willie Reed,14.5,0.014,0.309,0.578,13.7,22.0,3.9,0.9,3.6,8.7,15.3,-1.3,0.7,3.313656,0.00203,0.406,MIA,0
Willy Hernangomez,18.4,0.032,0.269,0.564,13.8,27.1,11.5,1.5,2.2,16.1,20.3,-0.6,0.6,3.4103296,0.03312,0.265512,NYK,0
Wilson Chandler,30.9,0.347,0.207,0.545,5.2,17.7,9.8,1.2,1.1,10.0,22.0,0.5,-1.3,3.8146977,10.0116,42.409014,DEN,7
Zach Randolph,24.5,0.098,0.2,0.49,11.3,27.4,13.5,1.1,0.5,8.6,29.2,-1.4,-0.7,4.314401,0.508375,11.61006,MEM,0
Zaza Pachulia,18.1,0.007,0.41,0.588,12.9,22.0,13.6,2.2,2.0,19.5,15.3,-0.3,3.0,3.37565,0.0,0.5068,GSW,4
